,#,Answer,%,Count
0,1,Always,45.9459459459,17
1,2,Most of the time,37.8378378378,14
2,3,Occassionally,10.8108108108,4
3,4,Rarely,2.7027027027,1
4,5,Never,2.7027027027,1
