,#,Answer,%,Count
0,1,Very secure,10.8108108108,4
1,2,Secure,27.027027027,10
2,3,Somewhat Secure,45.9459459459,17
3,4,Not Sure,8.10810810811,3
4,5,Not Secure,8.10810810811,3
