,#,Answer,%,Count
0,1,Always,0.0,0
1,2,Most of the time,16.2162162162,6
2,3,Sometimes,54.0540540541,20
3,4,Rarely,18.9189189189,7
4,5,Never,10.8108108108,4
