,#,Answer,%,Count
0,1,Always,56.7567567568,21
1,2,Almost Always,29.7297297297,11
2,3,Occassionally,10.8108108108,4
3,4,Almost Never,0.0,0
4,5,Never,2.7027027027,1
