NGram,Average Perplexity,Cross-Entropy
1,106.268,6.73156342
2,7.3937,2.886296507
3,4.4422,2.151274348
4,4.1208,2.042924445
5,4.229,2.08031656
6,4.3249,2.112666775
7,4.4379,2.149877159
8,4.2821,2.098318487
9,4.34,2.117695043
10,4.3155,2.109527722