NGram,Average Perplexity,Cross-Entropy,Gutenberg,C-sharp Raw,C-sharp without Syntax Tokens
1,105.8549,6.725944243,12.81,7.67,12.02
2,7.1835,2.844686936,11.77,5.22,7.74
3,4.2665,2.093053048,11.73,4.04,7.18
4,4.3545,2.122507073,11.72,3.85,7.09
5,4.1926,2.067845195,11.74,3.76,7.05
6,4.4685,2.159790624,11.74,3.72,7.04
7,4.2351,2.082396035,11.74,3.70,7.04
8,4.1967,2.069255336,11.74,3.69,7.04
9,4.3012,2.104739216,11.74,3.69,7.04
10,4.2173,2.076319652,11.74,3.68,7.04