Sentence Length,Perplexity,Cross-Entropy
10,8.6078,3.105644558
20,7.9285,2.987047947
30,6.986,2.804466643
40,7.0086,2.809126288
50,6.7613,2.757300661
60,6.3292,2.662023157
70,6.429,2.684594351
80,7.5434,2.915214929
90,7.7961,2.962752596
100,7.4956,2.906043966